album_id,track number
527,9
45,28
421,28
494,3
172,14
82,30
726,18
107,28
417,4
794,8
708,6
621,22
10,13
376,9
313,30
161,25
196,27
101,21
442,4
401,13
1,24
705,22
91,2
592,5
139,16
298,12
989,30
626,30
176,9
482,28
468,21
714,29
722,23
466,4
385,27
544,24
665,25
925,3
996,7
115,20
949,13
146,1
535,11
727,15
100,28
156,25
886,27
371,27
968,26
105,18
144,12
690,28
497,23
866,7
613,5
375,4
443,4
81,22
92,28
989,1
243,30
530,30
86,17
198,24
210,8
651,30
430,22
904,2
561,20
996,9
511,21
425,8
458,12
149,14
804,24
313,10
996,17
113,9
172,24
35,8
68,6
541,3
840,17
749,7
822,23
547,15
572,15
346,7
277,16
325,16
760,1
952,15
932,30
56,6
768,17
918,3
448,9
408,18
862,19
872,7
943,15
804,12
343,1
591,6
463,22
519,3
638,28
602,11
67,27
877,28
94,13
135,16
486,10
26,29
256,10
943,5
65,23
301,13
315,8
650,14
690,9
349,29
771,9
263,9
511,3
4,9
793,10
472,7
295,12
292,24
206,12
589,15
334,19
578,18
857,28
802,4
114,28
179,16
348,13
189,28
495,17
44,21
255,11
392,19
102,17
741,23
26,17
489,22
960,18
530,22
517,30
886,2
942,27
88,16
775,19
819,18
787,23
222,26
521,4
579,8
234,7
855,17
742,9
890,14
241,11
930,29
24,29
495,8
533,10
647,24
59,5
376,3
620,28
314,18
22,22
328,2
994,11
8,14
218,7
944,16
863,21
478,17
171,3
580,18
790,22
103,11
354,26
827,2
243,11
498,7
851,17
532,30
792,21
955,7
483,17
481,24
333,23
533,15
464,3
447,7
82,1
15,5
444,8
723,15
868,19
811,7
284,4
676,27
767,28
418,13
369,20
428,13
318,12
134,15
64,15
283,1
98,20
900,15
412,20
425,15
696,4
481,17
909,1
75,11
887,29
840,21
119,27
900,21
826,14
103,9
682,7
359,22
676,18
1000,28
699,25
835,14
595,3
776,27
754,14
561,24
59,17
463,29
815,16
823,13
78,29
269,9
75,8
750,19
92,28
868,14
379,26
265,27
765,30
978,29
385,2
220,18
868,4
457,2
736,13
347,7
407,6
877,5
953,10
568,19
465,11
783,15
262,19
647,7
682,19
590,10
620,29
923,4
771,27
122,22
991,13
141,11
672,9
288,18
486,29
940,28
242,29
60,13
428,10
183,6
726,9
688,22
414,16
153,19
732,24
939,12
735,25
960,27
993,13
16,29
93,6
149,21
806,4
162,30
858,29
220,10
974,11
987,9
80,23
590,1
239,5
509,4
777,10
311,26
567,15
27,4
279,5
404,19
539,15
599,30
745,9
652,7
572,22
648,5
437,18
261,11
863,15
506,13
792,26
644,3
787,30
821,6
625,16
857,16
259,19
906,10
372,3
150,9
329,5
24,21
503,28
472,4
448,4
463,5
190,9
942,8
869,25
73,13
484,13
196,11
327,8
544,8
513,4
735,8
716,30
165,30
428,20
946,9
420,28
156,17
258,29
160,26
234,21
667,30
735,29
347,28
496,13
479,18
261,10
102,6
753,15
352,18
77,15
918,20
124,22
457,27
143,7
796,6
86,20
890,15
66,16
697,17
894,13
347,9
563,19
227,5
11,13
985,18
771,20
913,1
675,19
602,14
382,22
817,26
579,14
809,25
615,21
478,22
658,2
452,15
170,13
390,15
15,30
617,3
995,26
711,19
612,1
974,18
248,25
8,7
652,15
700,4
787,25
85,26
704,21
226,30
277,22
528,3
585,1
510,26
183,17
58,11
124,24
905,18
234,26
297,21
88,27
52,29
1,8
916,10
922,10
516,17
339,29
282,22
460,6
455,18
795,24
655,8
970,16
281,14
693,12
97,1
663,1
185,21
975,25
542,29
714,28
609,18
959,5
83,11
674,21
221,5
287,24
33,28
716,12
513,5
852,16
869,28
740,8
451,17
89,8
643,8
66,7
806,10
8,30
790,27
634,14
920,19
499,21
727,6
263,15
49,7
196,11
653,26
134,14
171,14
851,28
207,5
664,25
581,25
996,21
957,29
560,10
276,16
905,3
54,27
225,14
664,16
934,8
114,11
553,12
340,1
147,30
247,20
861,4
316,28
742,17
14,17
660,28
565,24
2,25
651,24
731,15
200,18
228,8
50,16
837,8
230,23
46,24
199,1
465,19
518,1
621,14
561,10
467,22
860,2
212,18
156,6
252,14
207,23
641,5
7,27
174,27
248,16
653,20
771,20
768,27
565,4
943,10
188,16
218,30
806,14
914,28
580,15
351,1
888,29
796,11
354,10
706,2
773,6
201,16
305,29
528,24
420,30
52,29
534,23
214,20
20,14
542,13
404,25
277,22
37,16
566,24
749,20
822,26
704,25
332,15
346,26
829,13
457,19
910,1
345,15
507,9
865,2
615,4
958,1
881,1
293,21
579,20
805,6
7,24
548,6
460,4
943,8
349,11
893,12
622,19
589,12
771,1
797,21
988,4
740,24
376,19
696,22
900,2
930,13
268,29
858,13
787,30
805,20
31,3
994,20
348,27
12,18
307,9
791,6
587,19
948,20
131,6
364,16
441,23
358,8
975,22
696,5
523,7
971,20
197,23
277,21
355,21
52,18
312,9
509,2
808,16
637,11
448,11
816,18
736,29
268,24
278,3
550,8
68,29
620,30
612,1
900,21
945,24
278,17
886,10
453,11
304,29
205,22
21,3
949,24
198,5
468,26
556,2
132,14
961,10
710,29
923,16
408,23
924,11
268,24
420,21
288,19
552,20
738,6
306,9
6,26
863,11
414,8
445,12
388,2
725,6
205,14
563,23
771,1
221,26
725,23
898,13
20,8
348,4
378,20
920,8
529,22
825,25
295,27
89,13
161,20
871,16
243,7
374,1
550,28
723,27
253,29
375,16
695,14
171,29
794,26
257,16
305,30
661,21
935,8
882,29
282,27
888,17
365,1
208,23
697,10
995,23
565,16
979,9
667,9
961,14
882,21
91,26
114,17
500,15
637,30
87,26
764,29
664,26
562,18
936,2
316,7
248,6
622,13
783,24
425,17
475,16
488,8
872,8
986,25
704,17
840,29
659,5
247,19
300,2
157,4
421,22
251,5
463,11
324,24
630,9
413,5
496,17
171,24
157,9
336,3
43,19
540,26
473,3
500,25
256,21
467,13
347,7
272,28
539,25
990,3
177,13
683,22
442,11
89,7
35,27
826,22
888,28
861,11
17,19
407,2
334,26
924,27
744,27
939,13
63,13
253,26
35,30
292,26
729,7
513,1
186,4
696,26
175,23
600,15
742,28
333,17
201,29
474,5
481,5
718,13
35,23
698,18
367,25
589,13
861,7
282,14
889,22
759,8
937,23
248,4
874,15
357,29
47,18
436,25
528,17
22,4
993,14
670,18
277,7
289,26
145,13
845,2
297,18
172,9
189,16
977,3
132,12
969,19
475,1
205,30
173,9
70,13
985,22
113,12
901,8
892,19
637,27
98,6
634,26
521,26
854,14
476,10
195,6
510,21
719,8
965,28
515,15
4,24
917,9
427,25
957,29
938,18
812,8
823,7
30,1
238,5
27,4
638,11
375,11
512,1
879,29
213,3
958,10
833,27
207,8
733,13
178,29
382,5
545,2
335,12
166,25
381,3
749,29
546,1
545,4
220,14
931,15
829,26
457,14
43,14
288,18
813,20
410,29
323,15
887,23
902,3
739,18
556,8
906,12
368,12
687,4
406,1
344,27
114,18
963,3
744,10
298,7
916,20
684,20
94,9
765,23
685,22
725,15
999,28
268,9
572,11
370,27
575,19
5,10
38,14
704,12
346,21
412,10
590,21
167,30
831,3
169,30
108,9
981,22
953,16
556,19
634,17
416,11
313,21
632,24
48,19
384,25
589,4
877,23
371,17
353,29
654,4
246,9
953,20
287,17
468,17
725,25
524,13
152,7
631,24
98,27
829,24
284,6
163,5
345,25
896,1
146,8
958,28
615,13
85,5
247,24
716,18
908,19
395,7
619,13
891,29
21,3
440,25
39,5
927,17
336,26
478,12
783,24
204,12
891,18
927,18
994,10
324,1
692,8
409,1
418,12
700,24
263,6
626,20
24,16
400,9
208,17
971,2
445,9
702,1
728,18
163,28
394,21
67,1
885,27
158,10
4,28
665,26
623,4
986,19
500,15
929,12
607,18
799,16
948,11
608,20
3,28
872,7
863,22
971,23
763,19
765,3
348,18
693,13
452,18
81,2
79,9
668,17
341,4
664,7
986,23
822,17
961,20
485,17
505,1
801,20
698,17
594,6
888,20
124,26
122,26
465,12
611,22
322,23
865,25
186,18
954,28
87,25
511,6
255,7
13,17
411,8
